{"Bad": {"m3-99_m3-133": [0.19898157596588134, 0.007649664878845215, 0.0684845495223999, 0.0030168771743774416, 0.08048492908477783, 0.14914283514022827], "m3-99_m3-143": [0.15618813753128052, 0.005941197872161865, 0.056512200832366945, 0.0019522786140441894, 0.022525389194488526, 0.11451632022857666], "m3-123_m3-143": [0.12898435592651367, 0.006258134841918945, 0.046820149421691895, 0.001745591163635254, 0.010742001533508301, 0.09907788038253784], "m3-123_m3-150": [0.08563802480697631, 0.0025208115577697752, 0.023110008239746092, 0.001139698028564453, 0.012463593482971191, 0.07753621816635131], "m3-123_m3-163": [0.07568615198135376, 0.001068854331970215, 0.02122798204421997, 0.001086292266845703, 0.0031690096855163576, 0.07161926031112671], "m3-133_m3-99": [0.09312107563018798, 0.004634358882904053, 0.024864432811737062, 0.0012650012969970704, 0.007839820384979247, 0.08335516929626464], "m3-133_m3-150": [0.08934404134750366, 0.004435906410217285, 0.02630969524383545, 0.0012267684936523437, 0.00932175874710083, 0.08184403419494629], "m3-133_m3-159": [0.19682597398757934, 0.008386588096618653, 0.0636335301399231, 0.0018889808654785156, 0.06320013999938964, 0.12177926778793335], "m3-133_m3-163": [0.10188600301742554, 0.006356456279754639, 0.028053739070892335, 0.0016501355171203613, 0.021861708164215087, 0.09412428855895996], "m3-143_m3-99": [0.18796297073364257, 0.0053841137886047365, 0.06650461912155152, 0.003091239929199219, 0.016095259189605714, 0.13962021112442016], "m3-143_m3-123": [0.10841500759124756, 0.004402458667755127, 0.03484439373016358, 0.001532742977142334, 0.02648629426956177, 0.09490909337997437], "m3-143_m3-163": [0.17681457996368408, 0.006328196525573731, 0.06389360427856446, 0.001801776885986328, 0.026029646396636963, 0.10103264808654785], "m3-150_m3-123": [0.1735797643661499, 0.008522999286651612, 0.05851553201675415, 0.0025211548805236816, 0.012000720500946045, 0.12283152341842651], "m3-150_m3-133": [0.10867159366607666, 0.005775833129882812, 0.03049576759338379, 0.0016185927391052246, 0.011412878036499024, 0.10127003908157349], "m3-150_m3-159": [0.19030757427215575, 0.008432314395904542, 0.0652924108505249, 0.002901606559753418, 0.05979800701141357, 0.15704786777496338], "m3-150_m3-163": [0.1996093773841858, 0.007782049179077148, 0.06844044208526612, 0.003085477352142334, 0.044261660575866696, 0.16464131593704223], "m3-150_m3-166": [0.21302459478378297, 0.008398878574371337, 0.06936087846755981, 0.0032052040100097657, 0.01514469861984253, 0.16282882928848266], "m3-153_m3-166": [0.08955564260482789, 0.0024003124237060545, 0.02421743154525757, 0.001244657039642334, 0.009656779766082764, 0.08005795001983643], "m3-159_m3-123": [0.17991174459457399, 0.010766494274139404, 0.07331322431564331, 0.002552964687347412, 0.02200098991394043, 0.13183512926101684], "m3-159_m3-133": [0.11514317989349365, 0.006755130290985107, 0.033564515113830566, 0.0015644335746765137, 0.010615878105163574, 0.09766435384750366], "m3-159_m3-150": [0.11177854776382447, 0.007676575183868408, 0.031502695083618165, 0.0015626788139343263, 0.010190370082855225, 0.10180722951889037], "m3-163_m3-123": [0.1645752000808716, 0.008668460845947266, 0.05466909170150757, 0.0021380305290222166, 0.028972635269165038, 0.12180890321731568], "m3-163_m3-133": [0.08919902324676514, 0.0032828497886657716, 0.023568365573883057, 0.0012830972671508789, 0.008561801910400391, 0.08410987138748169], "m3-163_m3-143": [0.19661378145217895, 0.008343088626861572, 0.06584371089935302, 0.0019992661476135255, 0.06121653795242309, 0.1110337257385254], "m3-163_m3-150": [0.12375132322311401, 0.007577688694000244, 0.03971213579177856, 0.0017983150482177735, 0.06405828237533569, 0.11018822908401489], "m3-166_m3-150": [0.13229060888290406, 0.005274851322174073, 0.046156256198883056, 0.0019483375549316406, 0.01364436388015747, 0.11087796688079835], "m3-166_m3-153": [0.204874951839447, 0.007397003173828125, 0.07266208410263061, 0.0031961894035339358, 0.03025311470031738, 0.15024367094039917]}, "Average": {"m3-99_m3-123": [0.28811365365982056, 0.00778637170791626, 0.09430622100830079, 0.0018772673606872558, 0.09459540367126465, 0.12805664777755738], "m3-123_m3-159": [0.2682990646362305, 0.007141659259796143, 0.0901982569694519, 0.0018224501609802246, 0.08700021505355834, 0.12233920812606812], "m3-133_m3-143": [0.2951630997657776, 0.007851927280426026, 0.09078533411026, 0.0019671940803527833, 0.08762595415115357, 0.09920884609222412], "m3-133_m3-153": [0.24687330722808837, 0.007457170486450195, 0.0784558129310608, 0.00243868350982666, 0.08552838563919067, 0.12256163835525513], "m3-143_m3-153": [0.2975608229637146, 0.007665655612945557, 0.09820957899093628, 0.001964621543884277, 0.09297671556472778, 0.13351755380630492], "m3-143_m3-159": [0.2568590378761291, 0.0074749279022216794, 0.09022311925888062, 0.003486611843109131, 0.03700500726699829, 0.14832972288131713], "m3-163_m3-153": [0.27305203199386596, 0.007897732257843017, 0.08904358386993408, 0.0018369054794311523, 0.08656269788742066, 0.12256107091903687], "m3-166_m3-159": [0.27210588693618776, 0.00797231674194336, 0.09176706790924072, 0.0019436240196228026, 0.08682608604431152, 0.12401526212692261], "m3-166_m3-163": [0.2846492338180542, 0.0076361274719238285, 0.08783545017242432, 0.001907329559326172, 0.08407198429107667, 0.15342504978179933]}, "Good": {"m3-123_m3-153": [0.2748080182075501, 0.007733397483825684, 0.09146548032760621, 0.0026554036140441894, 0.08790098190307617, 0.12371905565261841], "m3-143_m3-133": [0.2806151580810547, 0.007582347393035888, 0.09947213411331177, 0.0020882558822631837, 0.08913517236709595, 0.12816793203353882], "m3-150_m3-143": [0.2986798477172852, 0.009669113159179687, 0.09637206315994262, 0.0019736409187316893, 0.0790639305114746, 0.13261444091796876], "m3-150_m3-153": [0.3084754467010498, 0.008246824741363526, 0.09251970767974854, 0.0018805527687072753, 0.09150513648986816, 0.16667691230773926], "m3-153_m3-123": [0.28847566366195676, 0.007936844825744629, 0.09125265598297119, 0.0028137969970703125, 0.09045471906661988, 0.15885304927825927], "m3-153_m3-159": [0.27863685369491575, 0.00796523094177246, 0.0815450382232666, 0.0028070735931396483, 0.08051013469696044, 0.12655600547790527], "m3-159_m3-143": [0.26923590660095215, 0.007203295230865479, 0.0914430284500122, 0.0017975926399230956, 0.08579756975173951, 0.09474088430404663], "m3-159_m3-153": [0.27502596378326416, 0.0072365450859069825, 0.09097852230072022, 0.002746601104736328, 0.08629030704498292, 0.12272351264953613]}, "Excellent": {"m3-123_m3-99": [0.2722353005409241, 0.00773409366607666, 0.09109392166137695, 0.002554316520690918, 0.08888306140899659, 0.1531696367263794], "m3-123_m3-133": [0.29615633726119994, 0.00917426347732544, 0.09757430076599122, 0.0029486656188964845, 0.09490500450134277, 0.1551533031463623], "m3-133_m3-123": [0.28284989595413207, 0.0074684381484985355, 0.08372392177581787, 0.001951601505279541, 0.07262569665908813, 0.13171538829803467], "m3-143_m3-150": [0.28478158950805665, 0.007543420791625977, 0.09255713939666749, 0.0029952168464660645, 0.08958619356155395, 0.1583500909805298], "m3-153_m3-133": [0.3005035424232483, 0.008119406700134278, 0.09128400325775146, 0.0020159244537353515, 0.09523452281951904, 0.13776246547698975], "m3-153_m3-143": [0.2900116753578186, 0.00805990695953369, 0.0865170955657959, 0.0020273327827453613, 0.05870573759078979, 0.1581469702720642], "m3-153_m3-150": [0.2806978940963745, 0.008432397842407227, 0.08751793622970581, 0.002964444160461426, 0.06600687026977539, 0.13294644594192506], "m3-153_m3-163": [0.2727005124092102, 0.007784311771392822, 0.08224738597869873, 0.0027355670928955076, 0.07668920516967774, 0.12534452199935914], "m3-159_m3-163": [0.26845757484436034, 0.007355406284332276, 0.08374683618545532, 0.00267716646194458, 0.08100008726119995, 0.1279339075088501], "m3-159_m3-166": [0.28315391302108767, 0.007508251667022705, 0.08320137023925782, 0.003038043975830078, 0.07224076509475708, 0.1535580015182495],