{"Bad": {"m3-99_m3-133": [0.18191814422607422, 0.006373167037963867, 0.06649208068847656, 0.0029189586639404297, 0.08214497566223145, 0.1369168758392334], "m3-99_m3-143": [0.1347188949584961, 0.004914999008178711, 0.047532081604003906, 0.0017671585083007812, 0.018027067184448242, 0.09956884384155273], "m3-123_m3-143": [0.13061285018920898, 0.006172895431518555, 0.04843306541442871, 0.001773834228515625, 0.01030588150024414, 0.0971379280090332], "m3-123_m3-150": [0.08295392990112305, 0.002376079559326172, 0.02220296859741211, 0.001132965087890625, 0.012160778045654297, 0.07542872428894043], "m3-123_m3-163": [0.0733177661895752, 0.0011208057403564453, 0.020730972290039062, 0.0011179447174072266, 0.002891063690185547, 0.07135319709777832], "m3-133_m3-99": [0.08939981460571289, 0.004539966583251953, 0.025608301162719727, 0.0014271736145019531, 0.007950067520141602, 0.08228421211242676], "m3-133_m3-150": [0.09226608276367188, 0.003964900970458984, 0.024471759796142578, 0.001318216323852539, 0.008818864822387695, 0.07983994483947754], "m3-133_m3-159": [0.20452880859375, 0.007695198059082031, 0.05935478210449219, 0.0018019676208496094, 0.06634807586669922, 0.11168503761291504], "m3-133_m3-163": [0.09462237358093262, 0.004803180694580078, 0.025727033615112305, 0.001355886459350586, 0.009772062301635742, 0.09083867073059082], "m3-143_m3-99": [0.18583416938781738, 0.0048770904541015625, 0.06710195541381836, 0.0029659271240234375, 0.013909101486206055, 0.13684821128845215], "m3-143_m3-123": [0.1013329029083252, 0.0032570362091064453, 0.031894683837890625, 0.00139617919921875, 0.019739151000976562, 0.08932304382324219], "m3-143_m3-163": [0.1645040512084961, 0.005362987518310547, 0.05826425552368164, 0.0017447471618652344, 0.02672100067138672, 0.09494519233703613], "m3-150_m3-123": [0.1523897647857666, 0.008558988571166992, 0.05181694030761719, 0.002176046371459961, 0.012488126754760742, 0.11741900444030762], "m3-150_m3-133": [0.1012580394744873, 0.005022287368774414, 0.0275881290435791, 0.0014331340789794922, 0.009615182876586914, 0.09204673767089844], "m3-150_m3-159": [0.1724851131439209, 0.006623983383178711, 0.05702400207519531, 0.0027849674224853516, 0.06264805793762207, 0.1396939754486084], "m3-150_m3-163": [0.17848873138427734, 0.005678892135620117, 0.05967426300048828, 0.0026009082794189453, 0.02022075653076172, 0.13862013816833496], "m3-150_m3-166": [0.18401885032653809, 0.0065059661865234375, 0.05927586555480957, 0.002872943878173828, 0.01453709602355957, 0.13707399368286133], "m3-153_m3-166": [0.08433294296264648, 0.0023038387298583984, 0.02270793914794922, 0.001245737075805664, 0.005435943603515625, 0.07883286476135254], "m3-159_m3-123": [0.16810011863708496, 0.006878852844238281, 0.054628849029541016, 0.002276897430419922, 0.017834901809692383, 0.12650609016418457], "m3-159_m3-133": [0.10869073867797852, 0.005839109420776367, 0.033441781997680664, 0.0017919540405273438, 0.008955955505371094, 0.09719395637512207], "m3-159_m3-150": [0.10877394676208496, 0.006562232971191406, 0.030657052993774414, 0.001547098159790039, 0.010540008544921875, 0.1009221076965332], "m3-163_m3-123": [0.15901994705200195, 0.0067713260650634766, 0.05053901672363281, 0.0020537376403808594, 0.037902116775512695, 0.11711478233337402], "m3-163_m3-133": [0.08693289756774902, 0.0029659271240234375, 0.022207021713256836, 0.0012660026550292969, 0.0069200992584228516, 0.08075428009033203], "m3-163_m3-143": [0.18274784088134766, 0.006566047668457031, 0.05983901023864746, 0.001961946487426758, 0.04094696044921875, 0.10441899299621582], "m3-163_m3-150": [0.11844825744628906, 0.0063931941986083984, 0.034265756607055664, 0.0016021728515625, 0.043025970458984375, 0.1017301082611084], "m3-166_m3-150": [0.1293199062347412, 0.004723072052001953, 0.04703092575073242, 0.0018999576568603516, 0.017388105392456055, 0.10798096656799316], "m3-166_m3-153": [0.19642400741577148, 0.006299257278442383, 0.06916499137878418, 0.002961874008178711, 0.03799176216125488, 0.1505720615386963]}, "Average": {"m3-99_m3-123": [0.25711703300476074, 0.00790715217590332, 0.08498573303222656, 0.0017690658569335938, 0.08589386940002441, 0.11900067329406738], "m3-123_m3-159": [0.24767398834228516, 0.006489276885986328, 0.08904790878295898, 0.0017321109771728516, 0.08416604995727539, 0.11675095558166504], "m3-133_m3-143": [0.27342677116394043, 0.006468057632446289, 0.08843708038330078, 0.0018870830535888672, 0.09035181999206543, 0.09707379341125488], "m3-133_m3-153": [0.23691296577453613, 0.006496906280517578, 0.07708191871643066, 0.0026438236236572266, 0.0832357406616211, 0.11736392974853516], "m3-143_m3-153": [0.26388025283813477, 0.006685018539428711, 0.08922195434570312, 0.0017628669738769531, 0.08830118179321289, 0.1199960708618164], "m3-143_m3-159": [0.24313092231750488, 0.006525993347167969, 0.08413100242614746, 0.0031790733337402344, 0.031061172485351562, 0.1358950138092041], "m3-163_m3-153": [0.25517892837524414, 0.006479024887084961, 0.08377814292907715, 0.0018491744995117188, 0.08555006980895996, 0.12166213989257812], "m3-166_m3-159": [0.2547330856323242, 0.006170749664306641, 0.08731317520141602, 0.0018460750579833984, 0.08834481239318848, 0.11781787872314453], "m3-166_m3-163": [0.2603178024291992, 0.006439924240112305, 0.08262872695922852, 0.0017440319061279297, 0.08434104919433594, 0.14479899406433105]}, "Good": {"m3-123_m3-153": [0.24785614013671875, 0.006197929382324219, 0.08489298820495605, 0.002469778060913086, 0.08342885971069336, 0.11681485176086426], "m3-143_m3-133": [0.26224517822265625, 0.0065190792083740234, 0.09410309791564941, 0.001814126968383789, 0.08919596672058105, 0.11838316917419434], "m3-150_m3-143": [0.2662782669067383, 0.006714820861816406, 0.08517098426818848, 0.0018596649169921875, 0.08569812774658203, 0.12295913696289062], "m3-150_m3-153": [0.27091121673583984, 0.0064389705657958984, 0.08561515808105469, 0.001992940902709961, 0.08431100845336914, 0.1499769687652588], "m3-153_m3-123": [0.24979376792907715, 0.006226062774658203, 0.07867813110351562, 0.0024111270904541016, 0.0818490982055664, 0.14042401313781738], "m3-153_m3-159": [0.2633500099182129, 0.006583213806152344, 0.0774080753326416, 0.0025615692138671875, 0.08144378662109375, 0.12028312683105469], "m3-159_m3-143": [0.2515120506286621, 0.00633692741394043, 0.09131288528442383, 0.00180816650390625, 0.08437705039978027, 0.09101009368896484], "m3-159_m3-153": [0.29151105880737305, 0.0063321590423583984, 0.08515095710754395, 0.0026979446411132812, 0.09541606903076172, 0.11953592300415039]}, "Excellent": {"m3-123_m3-99": [0.2400979995727539, 0.0062940120697021484, 0.08127808570861816, 0.002396821975708008, 0.08377432823181152, 0.13851308822631836], "m3-123_m3-133": [0.26868414878845215, 0.00638580322265625, 0.08435297012329102, 0.0027070045471191406, 0.08319807052612305, 0.14373183250427246], "m3-133_m3-123": [0.2686619758605957, 0.0066070556640625, 0.0805821418762207, 0.0020627975463867188, 0.0902700424194336, 0.12741923332214355], "m3-143_m3-150": [0.2687680721282959, 0.00650477409362793, 0.08436703681945801, 0.0025119781494140625, 0.08485698699951172, 0.1482992172241211], "m3-153_m3-133": [0.2710709571838379, 0.0070340633392333984, 0.08002805709838867, 0.0017631053924560547, 0.08771324157714844, 0.12053871154785156], "m3-153_m3-143": [0.25832319259643555, 0.006462812423706055, 0.07627296447753906, 0.0017139911651611328, 0.039346933364868164, 0.14079999923706055], "m3-153_m3-150": [0.2405862808227539, 0.006490230560302734, 0.0783538818359375, 0.0024852752685546875, 0.07641816139221191, 0.1258089542388916], "m3-153_m3-163": [0.24852585792541504, 0.006494045257568359, 0.07852482795715332, 0.002719879150390625, 0.08479714393615723, 0.11664366722106934], "m3-159_m3-163": [0.2537190914154053, 0.006577968597412109, 0.08235406875610352, 0.0025339126586914062, 0.08142733573913574, 0.11733412742614746],