{"Bad": [0.0029358863830566406, 0.09713387489318848, 0.0018308162689208984, 0.0011179447174072266, 0.0013446807861328125, 0.07921910285949707, 0.07938790321350098, 0.0019960403442382812, 0.11691403388977051, 0.1328132152557373, 0.08767414093017578, 0.09206128120422363, 0.12239789962768555, 0.09021997451782227, 0.1168680191040039, 0.13788795471191406, 0.13632893562316895, 0.0800018310546875, 0.0024499893188476562, 0.09245920181274414, 0.09732604026794434, 0.0020873546600341797, 0.08103585243225098, 0.0021338462829589844, 0.10172390937805176, 0.00202178955078125, 0.003055095672607422], "Average": [0.0017688274383544922, 0.0020151138305664062, 0.00185394287109375, 0.002316713333129883, 0.0019011497497558594, 0.0030558109283447266, 0.0019199848175048828, 0.001744985580444336, 0.001811981201171875], "Good": [0.002717256546020508, 0.0017490386962890625, 0.0021209716796875, 0.0019578933715820312, 0.002577066421508789, 0.0027039051055908203, 0.002056121826171875, 0.002855062484741211], "Excellent": [0.0023632049560546875, 0.002900838851928711, 0.0019121170043945312, 0.0026531219482421875, 0.0020051002502441406, 0.0019230842590332031, 0.0028219223022460938, 0.0026090145111083984, 0.0027320384979248047, 0.0033240318298339844, 0.002089977264404297, 0.002591848373413086]}