{"Bad": [0.002912652492523193, 0.10533645868301392, 0.0017041921615600585, 0.0010920119285583495, 0.0010361480712890625, 0.08278055667877197, 0.08059249877929688, 0.001812129020690918, 0.09283557653427124, 0.13675809860229493, 0.09464293241500854, 0.09728356122970581, 0.13385390520095825, 0.09385355949401855, 0.1270259976387024, 0.15059516191482544, 0.14706053495407104, 0.08116175651550293, 0.0023084664344787597, 0.10138471364974976, 0.10352253437042236, 0.0020891761779785155, 0.08493014812469482, 0.0019847631454467775, 0.11366298913955689, 0.001921226978302002, 0.0032036304473876953], "Average": [0.0018090200424194336, 0.001706235408782959, 0.0018944406509399413, 0.0023940300941467287, 0.0017560315132141113, 0.003126397132873535, 0.0017844748497009278, 0.0017699956893920898, 0.0018318605422973633], "Good": [0.0025577569007873536, 0.0018247818946838378, 0.001868431568145752, 0.0017842411994934081, 0.0025527811050415038, 0.0026517009735107424, 0.0018528985977172851, 0.002840278148651123], "Excellent": [0.0026097702980041504, 0.00300654411315918, 0.0019217491149902343, 0.0032886815071105956, 0.0018585872650146483, 0.0016874074935913086, 0.0024935531616210936, 0.0026129937171936036, 0.0026411151885986327, 0.002758924961090088, 0.0017804527282714844, 0.0026189589500427244]}